ds_strain_id	phylum	class	order	family	genus	species	strain_designation	source	source_catalog_number	id_RES	id_FOR	id_LIB	id_ZOC	RES_sample_number	RES_sample_name	RES_in_IAMM	RES_dna_prep	RES_ref_genome	LIB_Location_Column	LIB_Location_Box	LIB_Location_BoxNo	LIB_BoxRow	LIB_Other_Names	LIB_Source	LIB_Source_catalog_number	LIB_Note	LIB_Strain_nickname	ZOC_species	ZOC_filename	ZOC_GFC	ZOC_repository	ZOC_isolation_source	ZOC_isolation_notes
bork	Proteobacteria	Gammaproteobacteria	Oceanospirillales	Alcanivoracaceae	Alcanivorax	borkumensis	SK2	DSMZ	11573	D20-160061-4500T	bork	bork	Alcanivorax borkumensis SK2	61	D20-160061-4500T	Y	Bork	GCA_000009365.fna	2	8	7000186765	H		DSMZ	11573		bork	Alcanivorax borkumensis SK2	GCA_000009365	27	NCBI	SW	sw, degrade oil
dies	Proteobacteria	Gammaproteobacteria	Oceanospirillales	Alcanivoracaceae	Alcanivorax	dieselolei	B-5	DSMZ	16502	D20-160056-4500T	dies	dies	Alcanivorax dieselolei B5	56	D20-160056-4500T	Y	Dies	GCA_000300005.fna	2	8	7000186765	D		DSMZ	16502		dies	Alcanivorax dieselolei B5	GCA_000300005	27	NCBI	SW	sw, degrade oil
pr1white	Bacteroidetes	Cytophagia	Cytophagales	Cyclobacteriaceae	Algoriphagus	machipongonensis	PR1	D. Sher		D20-160047-4500T	PR1white	PRwhite		47	D20-160047-4500T	Y	Pr1w		2	7	7000186759	D		Daniel Sher		DSM 23439 from DSMZ	PR1white						
pr1red	Bacteroidetes	Cytophagia	Cytophagales	Cyclobacteriaceae	Algoriphagus	machipongonensis	PR1	D. Sher		D20-160048-4500T	PR1red	PRIRED		48	D20-160048-4500T	Y	Pr1r	GCF_000166275.1_ASM16627v1_genomic.fna.gz	2	6	7000186764	C		Daniel Sher		DSM 23439 from DSMZ	PR1red						
dsm16067					Algoriphagus	marincola	DSM 16067	DSMZ	16067	D20-160076-4500T			Algoriphagus marincola DSM 16067	76	D20-160076-4500T		16067	GCF_000429405.1_ASM42940v1_genomic.fna.gz										Algoriphagus marincola DSM 16067	2523533625	6	JGI	SW	Sea water
27126	Proteobacteria	Gammaproteobacteria	Alteromonadales	Alteromonadaceae	Alteromonas	macleodii	107	ATCC	27126	D20-160027-4500T	27126	27126	Alteromonas macleodii ATCC 27126	27	D20-160027-4500T		AM27126	GCA_000172635.fna	1	5	7000186758	B		ATCC	27126		27126	Alteromonas macleodii ATCC 27126	GCA_000172635	24	NCBI	SW	seawater
hot1a3	Proteobacteria	Gammaproteobacteria	Alteromonadales	Alteromonadaceae	Alteromonas	macleodii	HOT1A3	?		D20-160028-4500T	HOT1A3	hot1a3	Alteromonas macleodii HOT1A3	28	D20-160028-4500T	Y	Hot1A3	GCF_001578515.1_ASM157851v1_genomic.fna.gz	1	1	7000186747	G		Daniel Sher			HOT1A3	Alteromonas macleodii HOT1A3	2687453488	24	OTHERS	SW	seawater
bs11	Proteobacteria	Gammaproteobacteria	Alteromonadales	Alteromonadaceae	Alteromonas	macleodii	BS11	?		D20-160029-4500T	BS11	bs11	Alteromonas macleodii str. 'Black Sea 11'	29	D20-160029-4500T	Y	BS11	GCA_000299995.fna	1	1	7000186747	E		Daniel Sher		DSM 26494 from DSMZ	BS11	Alteromonas macleodii str. 'Black Sea 11'	GCA_000299995	24	NCBI	SW	Coastal waters of Israel (Eastern Aegean)
26499	Proteobacteria	Gammaproteobacteria	Alteromonadales	Alteromonadaceae	Alteromonas	mediterranea	MED64	DSMZ	26499	D20-160031-4500T	26499	26499	Alteromonas macleodii 'Aegean Sea MED64'	31	D20-160031-4500T	Y	26499	2545824627.fna	1	3	7000186762	F		DSMZ	26499		26499	Alteromonas macleodii 'Aegean Sea MED64'	2545824627	24	JGI	SW	Coastal waters of Israel (Eastern Aegean)
de1	Proteobacteria	Gammaproteobacteria	Alteromonadales	Alteromonadaceae	Alteromonas	mediterranea	DE1	?		D20-160030-4500T	DE1	DEI		30	D20-160030-4500T	Y	DE1	GCF_000310085.1_ASM31008v1_genomic.fna.gz	2	6	7000186764	B		Daniel Sher			DE1						
aalgi	Bacteroidetes	Flavobacteriia	Flavobacteriales	Flavobacteriaceae	Arenibacter	algicola	SMS7	luca		D20-160032-4500T	Aalgi	aalgi	Arenibacter algicola strain SMS7	32	D20-160032-4500T		SMS7	Arenibacter_algicola_SMS7.fna	1	3	7000186762	H		Hans-Peter Grossart			Aalgi	Arenibacter algicola strain SMS7	Arenibacter_algicola_SMS7	6	OTHERS	SW	seawater
dsm25875					Bacillus	abyssalis	DSM 25875	DSMZ	25875	D20-160078-4500T				78	D20-160078-4500T		DSM 25875	GCF_002019595.1_ASM201959v1_genomic.fna.gz															
bdim	Proteobacteria	Alphaproteobacteria	Rhizobiales	Caulobacteraceae	Brevundimonas	diminuta	PCI 818	ATCC	19146	D20-160034-4500T	bdim	blin		34	D20-160034-4500T	Y	Bdim	GCF_004102925.1_ASM410292v1_genomic.fna.gz	2	6	7000186764	E	Pseudomonas diminuta	ATCC	19146		bdim						
cstat	Actinobacteria	Actinobacteria	Actinomycetales	Corynebacteriaceae	Corynebacterium	stationis	622	DSMZ	20302	D20-160058-4500T	cstat	cstat	Corynebacterium stationis DSM 20302	58	D20-160058-4500T	Y	Cstat	2623620535.fna	1	3	7000186762	A	Brevibacterium stationis; Achromobacter stationis	DSMZ	20302		cstat	Corynebacterium stationis DSM 20302	2623620535	20	JGI	SW	water, https://www.ncbi.nlm.nih.gov/biosample/2996501; not reported
atlcs	Bacteroidetes	Flavobacteriia	Flavobacteriales	Flavobacteriaceae	Croceibacter	atlanticus	HTCC 2559	ATCC	BAA-628	D20-160050-4500T	atlcs	atlcs	Croceibacter atlanticus HTCC2559	50	D20-160050-4500T	Y	atlcs	2526164557.fna	1	5	7000186758	A		ATCC	BAA-628		atlcs	Croceibacter atlanticus HTCC2559	2526164557	10	JGI	SW	Sargasso Sea at a depth of 250 meters
dfl-12	Proteobacteria	Alphaproteobacteria	Rhodobacterales	Rhodobacteraceae	Dinoroseobacter	shibae	DFL 12	DSMZ	16493	D20-160035-4500T	DFL-12	DFL12	Dinoroseobacter shibae DFL 12 = DSM 16493	35	D20-160035-4500T	Y	DFL12	GCA_000018145.fna	1	5	7000186758	F		DSMZ	16493		DFL-12	Dinoroseobacter shibae DFL 12 = DSM 16493	GCA_000018145	9	NCBI	SW	seawater, http://bacdive.dsmz.de/index.php?search=dsm%2016493
dsm29979					Domibacillus	iocasae	DSM 29979	DSMZ	29979	D20-160080-4500T				80	D20-160080-4500T		Dio29979	GCF_001750285.1_ASM175028v1_genomic.fna.gz															
dsm19836					Echinicola	pacifica	DSM 19836	DSMZ	19836	D20-160079-4500T				79	D20-160079-4500T		DSM 19836	GCF_000373245.1_ASM37324v1_genomic.fna.gz															
dsm17526					Echinicola	vietnamensis	DSM 17526	DSMZ	17526	D20-160074-4500T			Echinicola vietnamensis KMM 6221, DSM 17526	74	D20-160074-4500T		Evi17526	2509276020.fna										Echinicola vietnamensis KMM 6221, DSM 17526	2509276020	6	JGI	SW	Seawater collected in a musselfarm; Vietnam, South China Sea, Nha Trang Bay
rc202sdsmt					Enterobacter	species	RC202 SDSMT	Shende Lab (South Dakota School of Mines and Technology)		D20-160087-4500T				87	D20-160087-4500T		RC202																
mre600	Proteobacteria	Gammaproteobacteria	Enterobacteriales	Enterobacteriaceae	Escherichia	coli	MRE600	ATCC	29417	D20-160063-4500T	MRE600	MRE600	Escherichia coli MRE600	63	D20-160063-4500T	Same as MRE600?	Mre	2622736468.fna	2	6	7000186764	A		ATCC	29417		MRE600	Escherichia coli MRE600	2622736468	13	JGI	HA	?human sewage; United Kingdom
dsm8797w					Gimesia	maris	DSM 8797	DSMZ	8797	D20-160088-4500T				88	D20-160088-4500T		8797W	GCF_009720545.1_ASM972054v1_genomic.fna.gz															
dsm8797y					Gimesia	maris	DSM 8797	DSMZ	8797	D20-160090-4500T				90	D20-160090-4500T		8797Y	GCF_009720545.1_ASM972054v1_genomic.fna.gz															
fors	Bacteroidetes	Flavobacteriia	Flavobacteriales	Flavobacteriaceae	Gramella	forsetii	KT0803	Joseph C-O		D20-160036-4500T	fors	fors	Gramella forsetii KT0803	36	D20-160036-4500T	Y	FORS	GCA_000060345.fna	1	3	7000186762	C		Joseph Christie-Oleza		DSM 17595 from DSMZ	fors	Gramella forsetii KT0803	GCA_000060345	6	NCBI	SW	seawater, https://www.ncbi.nlm.nih.gov/pmc/articles/PMC4069401/
salex	Proteobacteria	Gammaproteobacteria	Alteromonadales	Halieaceae	Haliea	salexigens	3x/A02/235	DSMZ	19537	D20-160068-4500T	salex	salex	Haliea salexigens DSM 19537	68	D20-160068-4500T	Y	Salex	2523533559.fna	2	7	7000186759	C		DSMZ	19537		salex	Haliea salexigens DSM 19537	2523533559	26	JGI	SW	surface microlayer of seawater from the bay of Banyuls-sur-Mer
kuro	Firmicutes	Bacilli	Bacillales	Bacillaceae	Halobacillus	kuroshimensis	JS-Hb7	DSMZ	18393	D20-160057-4500T	kuro	kuro	Halobacillus kuroshimensis DSM 18393	57	D20-160057-4500T	Y	Kuro	2523533634.fna	2	7	7000186759	A		DSMZ	18393		kuro	Halobacillus kuroshimensis DSM 18393	2523533634	23	JGI	EX	Deep-sea carbonate rock at a methane cold seep
hcamp	Proteobacteria	Gammaproteobacteria	Oceanospirillales	Halomonadaceae	Halomonas	campaniensis	5AG	DSMZ	15293	D20-160083-4500T	Hcamp			83	D20-160083-4500T		15293	GCF_000696485.1_ASM69648v1_genomic.fna.gz															
dsm19772					Jeotgalicoccus	marinus	DSM 19772	DSMZ	19772	D20-160085-4500T				85	D20-160085-4500T		Jme19772	GCF_000425825.1_ASM42582v1_genomic.fna.gz															
dsm17348					Kocuria	sp.	DSM 17348	DSMZ	17348	D20-160071-4500T				71	D20-160071-4500T		17348	GCF_001942375.1_ASM194237v1_genomic.fna.gz															
kordia	Bacteroidetes	Flavobacteriia	Flavobacteriales	Flavobacteriaceae	Kordia	algicida	OT-1	NITE	100336	D20-160065-4500T	kordia	cordia		65	D20-160065-4500T	Y	kordia	GCF_000154725.1_ASM15472v1_genomic.fna.gz	1	1	7000186747	F		NITE	100336		kordia						
luca5	Proteobacteria	Alphaproteobacteria	Rhodobacterales	Rhodobacteraceae	Loktanella	vestfoldensis	SMR4	luca		D20-160033-4500T	Luca5		Loktanella vestfoldensis strain SMR4r	33	D20-160033-4500T		Luka5	GCF_000382265.1_ASM38226v1_genomic.fna.gz										Loktanella vestfoldensis strain SMR4r	Loktanella_vestfoldensis_SMR4r	30	OTHERS	SW	baltic sea, Smarinoi associated
hp15	Proteobacteria	Gammaproteobacteria	Alteromonadales	Alteromonadaceae	Marinobacter	adhaerens	HP15	?		D20-160037-4500T	HP15	HP15	Marinobacter adhaerens HP15	37	D20-160037-4500T	Y	HP15	650377991.fna	1	5	7000186758	H		Daniel Sher		DSM 23420 from DSMZ	HP15	Marinobacter adhaerens HP15	650377991	35	JGI	SW	plankton net (0.1 mm pore size) German Wadden Sea
mmb1	Proteobacteria	Gammaproteobacteria	Oceanospirillales	Oceanospirillaceae	Marinomonas	mediterranea	MMB-1	ATCC	700492	D20-160038-4500T	MMB1	nubi	Marinomonas mediterranea MMB-1, ATCC 700492	38	D20-160038-4500T	Y	MMB1	2506210002.fna	1	2	7000186748	B		ATCC	700492		MMB1	Marinomonas mediterranea MMB-1, ATCC 700492	2506210002	43	JGI	SW	Mediterranean seawater from the southeastern coast of Spain, 1995
dsm19969					Microbacterium	indicum	DSM 19969	DSMZ	19969	D20-160073-4500T				73	D20-160073-4500T		19969	GCF_000422385.1_ASM42238v1_genomic.fna.gz															
ksed	Actinobacteria	Actinobacteria	Actinomycetales	Dermacoccaceae	Kytococcus	sedentarius	541	DSMZ	20547		Ksed	Ksed	Kytococcus sedentarius 541, DSM 20547						1	4	7000186757	C	Micrococcus sedentarius	DSMZ	20547		Ksed	Kytococcus sedentarius 541, DSM 20547	644736380	20	JGI	SW	slide submerged in sea water probably in San Diego
salin	Actinobacteria	Actinobacteria	Actinomycetales	Micromonosporaceae	Salinispora	tropica	CNB440	D. Sher			salin	salin							2	8	7000186765	E	Salinospora tropicalis	Daniel Sher		DSM 44818 from DSMZ	salin						
t2	Actinobacteria	Actinobacteria	Actinomycetales	Nocardioidaceae	Aeromicrobium	marinum	T2	Joseph C-O			T2	T2							2	8	7000186765	B		Joseph Christie-Oleza		DSM 15272 from DSMZ	T2						
plank	Proteobacteria	Alphaproteobacteria	Rhodobacterales	Rhodobacteraceae	Planktomarina	temperata	RCA23	DSMZ	22400		plank	PLANK	Planktomarina temperata RCA23, DSM 22400						2	8	7000186765	A		DSMZ	22400		plank	Planktomarina temperata RCA23, DSM 22400	2548877138	30	JGI	SW	German Wadden Sea surface
pinhib	Proteobacteria	Alphaproteobacteria	Rhodobacterales	Rhodobacteraceae	Phaeobacter	inhibens		Kolter lab	17395		Pinhib	pinhibens	Phaeobacter inhibens DSM 17395						1	2	7000186748	G		Roberto Kolter	17395		Pinhib	Phaeobacter inhibens DSM 17395	GCA_000154765	40	NCBI	SW	seawater scallop, https://www.dsmz.de/catalogues/details/culture/DSM-17395.html
koree	Proteobacteria	Alphaproteobacteria	Caulobacterales	Hyphomonadaceae	Ponticaulis	koreensis	GSW-23	DSMZ	19734		koree	koree	Ponticaulis koreensis DSM 19734						1	2	7000186748	D		DSMZ	19734		koree	Ponticaulis koreensis DSM 19734	2524614539	11	JGI	SW	Seawater
och114	Proteobacteria	Alphaproteobacteria	Rhodobacterales	Rhodobacteraceae	Roseobacter	denitrificans	OCh 114	?			Och114																						
relong	Proteobacteria	Alphaproteobacteria	Rhodobacterales	Rhodobacteraceae	Roseibacterium	elongatum	OCh 323	DSMZ	19469		Relong	Rlong							2	7	7000186759	G		DSMZ	19469		Relong						
exig	Firmicutes	Bacilli	Bacillales	Bacilli	Exiguobacterium	oxidotolerans	T-2-2	DSMZ	17272		exig	exig	Exiguobacterium oxidotolerans JCM 12280						1	5	7000186758	G		DSMZ	17272		exig	Exiguobacterium oxidotolerans JCM 12280	2562617200	23	JGI	SW	Drain of a fish processing plant
owen	Bacteroidetes	Flavobacteriia	Flavobacteriales	Cryomorphaceae	Owenweeksia	hongkongensis	UST20020801	DSMZ	17368		owen	owen	Owenweeksia hongkongensis DSM 17368						2	7	7000186759	E		DSMZ	17368		owen	Owenweeksia hongkongensis DSM 17368	2508501098	10	JGI	SW	https://www.ncbi.nlm.nih.gov/pmc/articles/PMC3570807/; Sea water (sand filtered); China, Hong Kong
fagar	Bacteroidetes	Flavobacteriia	Flavobacteriales	Flavobacteriaceae	Formosa	agariphila	KMM 3901	Joseph C-O			Fagar	Fagr	Formosa agariphila KMM 3901						1	4	7000186757	D		Joseph Christie-Oleza			Fagar	Formosa agariphila KMM 3901	HG315671	29	OTHERS	SW	algae isolated, https://www.ncbi.nlm.nih.gov/pubmed/16403882
jeju	Bacteroidetes	Flavobacteriia	Flavobacteriales	Flavobacteriaceae	Hyunsoonleella	jejuensis	CNU-004	DSMZ	21035		jeju		Hyunsoonleella jejuensis DSM 21035															Hyunsoonleella jejuensis DSM 21035	2684622907	29	JGI	SW	seawater
de	Proteobacteria	Gammaproteobacteria	Alteromonadales	Alteromonadaceae	Alteromonas	mediterranea	DE	?			DE		Alteromonas mediterranea DE															Alteromonas mediterranea DE	GCA_000020585	24	NCBI	SW	seawater
25922	Proteobacteria	Gammaproteobacteria	Enterobacteriales	Enterobacteriaceae	Escherichia	coli	Seattle 1946	ATCC	25922		25922	25922							2	6	7000186764	G		ATCC	25922		25922						
crono	Proteobacteria	Gammaproteobacteria	Enterobacteriales	Enterobacteriaceae	Cronobacter	universalis		DSMZ	27963		crono	crono	Cronobacter universalis NCTC 9529						1	5	7000186758	E		DSMZ	27963		crono	Cronobacter universalis NCTC 9529	2667527511	13	JGI	SW	Water; London, UK
fang	Proteobacteria	Gammaproteobacteria	Thiotrichales	Francisellaceae	Fangia	hongkongensis	UST040201-002	DSMZ	21703		fang	Fang_HK	Fangia hongkongensis DSM 21703						2	6	7000186764	H		DSMZ	21703		fang	Fangia hongkongensis DSM 21703	2515154119	3	JGI	HA	?human sewage; seawater at the outlet of a sandfilter in Port Shelter, Hong Kong SAR, China
shewden	Proteobacteria	Gammaproteobacteria	Alteromonadales	Shewanellaceae	Shewanella	denitrificans	OS217	ATCC	BAA-1090		Shewden	OS217	Shewanella denitrificans OS217						1	2	7000186748	C		ATCC	BAA-1090		Shewden	Shewanella denitrificans OS217	2524023135	21	JGI	SW	Gotland Deep an anoxic basin in the central Baltic Sea in 1986 from a depth of 120-130m
sedthio	Proteobacteria	Gammaproteobacteria	Oceanospirillales	Gammaproteobacteria	Sedimenticola	thiotaurini	SIP-G1	DSMZ	28581		sedthio	sedthio	Sedimenticola thiotaurini SIP-G1						2	8	7000186765	F		DSMZ	28581		sedthio	Sedimenticola thiotaurini SIP-G1	2609459601	17	JGI	SD	salt marsh sediments
hot5_e6	Proteobacteria	Alphaproteobacteria	Rhodobacterales	Rhodobacteraceae	Rhodobacter	TBD	HOT5_E6	D. Sher			HOT5_E6	Hot5_E6							1	4	7000186757	A		Daniel Sher			HOT5_E6						
vcamp	Proteobacteria	Gammaproteobacteria	Vibrionales	Vibrionaceae	Vibrio	campbelli	BB120	ATCC	BAA-1116		vcamp	vcamp	Vibrio campbellii ATCC BAA-1116						1	1	7000186747	B		ATCC	BAA-1116		vcamp	Vibrio campbellii ATCC BAA-1116	GCA_000464435	25	NCBI	SW	marine, https://www.lgcstandards-atcc.org/products/all/BAA-1116.aspx?geo_country=de
psych	Proteobacteria	Gammaproteobacteria	Alteromonadales	Psychromonadaceae	Psychromonas	ossibalaenae	JAMM 0738	ATCC	BAA-1528		psych																						
parctic	Proteobacteria	Gammaproteobacteria	Alteromonadales	Psychromonadaceae	Psychromonas	arctica	Pull2	DSMZ	14288		Parctic	Parctic							1	5	7000186758	D		DSMZ	14288		Parctic						
luca8	Proteobacteria	Alphaproteobacteria	Rhodobacterales	Rhodobacteraceae	Rhodobacter	TBD	SMR8	luca			luca8	Luc18							1	4	7000186757	B		Hans-Peter Grossart			luca8						
mr1	Proteobacteria	Gammaproteobacteria	Alteromonadales	Shewanellaceae	Shewanella	oneidensis	MR-1	ATCC	700550		MR1																						
rbalt	Planctomycetes	Planctomycea	Planctomycetales	Planctomycetaceae	Rhodopirellula	baltica	IFAM 1310	DSMZ	10527		Rbalt	Rbalt	Rhodopirellula baltica SH 1						2	8	7000186765	G		DSMZ	10527		Rbalt	Rhodopirellula baltica SH 1	637000236	34	JGI	SW	Kieler Bucht (a fiord near the city of Kiel in Germany)
magnet	Proteobacteria	Alphaproteobacteria		Magnetococcaceae	Magnetococcus	marinus	MC-1	JCM	17883		magnet		Magnetococcus marinus MC-1															Magnetococcus marinus MC-1	GCA_000014865	26	NCBI	SW	seawater, https://img.jgi.doe.gov/cgi-bin/mer/main.cgi?section=TaxonDetail&page=taxonDetail&taxon_oid=639633036
sulfuden	Proteobacteria	Epsilonproteobacteria	Campylobacterales	Helicobacteraceae	Sulfurimonas	denitrificans	DSM 1251	ATCC	33889		Sulfuden		Sulfurimonas denitrificans DSM 1251															Sulfurimonas denitrificans DSM 1251	2606217710	16	JGI	SW	Wadden Sea, https://genome.jgi.doe.gov/portal/thidn/thidn.home.html
hydro	Proteobacteria	Gammaproteobacteria	Thiotrichales	Piscirickettsiaceae	Hydrogenovibrio	marinus	?	DSMZ	11271		hydro		Hydrogenovibrio marinus DSM 11271															Hydrogenovibrio marinus DSM 11271	2571042915	5	JGI	SW	Seawater of the Shonan Coast, Kanagawa Pref., Japan
aestu	Proteobacteria	Deltaproteobacteria	Desulfobacterales	Desulfobulbaceae	Desulfopila	aestuarii	MSL86	DSMZ	18488		aestu		Desulfopila aestuarii DSM 18488															Desulfopila aestuarii DSM 18488	2582581262	17	JGI	SD	Estuarine sediment
luca3	Proteobacteria	Gammaproteobacteria	Alteromonadales	Alteromonadaceae	Marinobacter	salarius	SMR5	luca			Luca3		Marinobacter salarius strain SMR5															Marinobacter salarius strain SMR5	Marinobacter_salarius_SMR5	35	OTHERS	SW	baltic sea, Smarinoi associated
nitroso	Proteobacteria	Gammaproteobacteria	Chromatiales	Chromatiaceae	Nitrosococcus	oceani	C-107	ATCC	19701		nitroso		Nitrosococcus oceani C-107															Nitrosococcus oceani C-107	2606217402	34	JGI	SW	seawater, https://gold.jgi.doe.gov/project?id=440
luca7	Proteobacteria	Alphaproteobacteria	Rhodobacterales	Rhodobacteraceae	Antarctobacter	heliothermus	SMS3	luca			Luca7		Antarctobacter heliothermus strain SMS3															Antarctobacter heliothermus strain SMS3	Antarctobacter_heliothermus_SMS3	40	OTHERS	SW	seawater
spiro	Spirochaetes	Spirochaetes	Spirochaetales	Spirochaetaceae	Spirochaeta	cellobiosiphila	SIP 1	DSMZ	17781		spiro		Spirochaeta cellobiosiphila DSM 17781															Spirochaeta cellobiosiphila DSM 17781	2526164518	4	JGI	SW	https://img.jgi.doe.gov/cgi-bin/mer/main.cgi?section=TaxonDetail&page=taxonDetail&taxon_oid=2526164518; Interstitial water from a cyanobacteria-containing microbial mat
thio	Proteobacteria	Gammaproteobacteria	Thiotrichales	Piscirickettsiaceae	Thiomicrospira	sp.	MA2-6	DSMZ	13155		thio		Thiomicrospira sp. MA2-6															Thiomicrospira sp. MA2-6	2571042363	5	JGI	SW	Mid-Atlantic Ridge
hot5_b8	Proteobacteria	Alphaproteobacteria	Rhodobacterales	Rhodobacteraceae	Rhodobacter	TBD	HOT5_B8	D. Sher		D20-160089-4500T	HOT5_B8	HOT5_B8		89	D20-160089-4500T		B8_M		2	8	7000186765	C		Daniel Sher			HOT5_B8						
hot5_b10	Proteobacteria	Alphaproteobacteria	Rhodobacterales	Rhodobacteraceae	Rhodobacter	TBD	HOT5_B10	D. Sher		D20-160091-4500T	HOT5_B10	HOTS_B10		91	D20-160091-4500T		B10_M	GCF_002080415.1_ASM208041v1_genomic.fna.gz	1	5	7000186758	C		Daniel Sher			HOT5_B10						
hot5_c3	Proteobacteria	Alphaproteobacteria	Rhodobacterales	Rhodobacteraceae	Rhodobacter	TBD	HOT5_C3	D. Sher		D20-160092-4500T	HOT5_C3	HOT5_C3		92	D20-160092-4500T		C3_M	GCF_002080415.1_ASM208041v1_genomic.fna.gz	1	3	7000186762	D		Daniel Sher			HOT5_C3						
hot5_f3	Proteobacteria	Alphaproteobacteria	Rhodobacterales	Rhodobacteraceae	Rhodobacter	TBD	HOT5_F3	D. Sher		D20-160093-4500T	HOT5_F3	HOT5_F3		93	D20-160093-4500T		F3_M	GCF_002080415.1_ASM208041v1_genomic.fna.gz	1	4	7000186757	F		Daniel Sher			HOT5_F3						
bermu	Proteobacteria	Alphaproteobacteria	Rhodobacterales	Rhodobacteraceae	Pelagibaca	bermudensis	HTCC2601	DSMZ	26914	D20-160066-4500T	bermu	bermu		66	D20-160066-4500T	Y	bermu	GCF_000153725.1_ASM15372v1_genomic.fna.gz	1	1	7000186747	D	Salipiger bermudensis	DSMZ	26914		bermu						
b2china	Proteobacteria	Alphaproteobacteria	Rhizobiales	Hyphomicrobiaceae	Pelagibacterium	halotolerans	B2	Xu Lab (China)		D20-160051-4500T	B2china	B2china	Pelagibacterium halotolerans B2	51	D20-160051-4500T	Same as B2China?	B2	GCA_000230555.fna	1	4	7000186757	G		Xuewei Xu			B2china	Pelagibacterium halotolerans B2	GCA_000230555	30	NCBI	SW	seawater, East China Sea, https://www.ncbi.nlm.nih.gov/pmc/articles/PMC3256593/
pgall	Proteobacteria	Alphaproteobacteria	Rhodobacterales	Rhodobacteraceae	Phaeobacter	gallaeciensis	Pga11	DSMZ	26640	D20-160052-4500T	Pgall	Pgall	Phaeobacter gallaeciensis DSM 26640	52	D20-160052-4500T	Same as Pgall?	Pga11	GCA_000511385.fna	1	1	7000186747	H	Roseobacter gallaeciensis	DSMZ	26640		Pgall	Phaeobacter gallaeciensis DSM 26640	GCA_000511385	40	NCBI	SW	seawater scallop, https://www.ncbi.nlm.nih.gov/biosample/3097718
dsm19796					Pontibacillus	halophilus	DSM 19796	DSMZ	19796	D20-160084-4500T				84	D20-160084-4500T		19796	GCF_000425205.1_ASM42520v1_genomic.fna.gz															
dsm100870					Poseidonibacter	lekithochrous	DSM 100870	DSMZ	100870	D20-160086-4500T				86	D20-160086-4500T		Pois	GCF_001878855.1_ASM187885v1_genomic.fna.gz															
t6c	Proteobacteria	Gammaproteobacteria	Alteromonadales	Alteromonadaceae	Pseudoalteromonas	atlantica	T6c	ATCC	BAA-1087	D20-160053-4500T	T6c	T6c	Pseudoalteromonas atlantica T6c	53	D20-160053-4500T	Y	T6C	2606217322.fna	1	2	7000186748	F	Paraglaciecola	ATCC	BAA-1087		T6c	Pseudoalteromonas atlantica T6c	2606217322	21	JGI	SW	sea ice Arctic, http://bacmap.wishartlab.com/organisms/432
citrea	Proteobacteria	Gammaproteobacteria	Alteromonadales	Pseudoalteromonadaceae	Pseudoalteromonas	citrea	Citrea	Joseph C-O		D20-160039-4500T	citrea	citrea		39	D20-160039-4500T	Y	Citrea		1	2	7000186748	A	Alteromonas citrea	Joseph Christie-Oleza		DSM 8771 from DSMZ	citrea						
phalo	Proteobacteria	Alphaproteobacteria	Rhizobiales	Hyphomicrobiaceae	Pelagibacterium	halotolerans	B2	DSMZ	22347	D20-160054-4500T	Phalo	phalo	Pelagibacterium halotolerans B2	54	D20-160054-4500T	Y	Phalo	GCA_000026085.fna	1	2	7000186748	H		DSMZ	22347		Phalo	Pelagibacterium halotolerans B2	GCA_000230555	30	NCBI	SW	seawater, East China Sea, https://www.ncbi.nlm.nih.gov/pmc/articles/PMC3256593/
cip	Proteobacteria	Gammaproteobacteria	Alteromonadales	Pseudoalteromonadaceae	Pseudoalteromonas	haloplanktis	CIP 108707	CIP	108707	D20-160049-4500T	CIP	CPI_Phaloplanktis	Pseudoalteromonas haloplanktis TAC125	49	D20-160049-4500T	Y	Cip	GCA_000026085.fna	2	6	7000186764	D	Alteromonas haloplanktis	CIP	108707		CIP	Pseudoalteromonas haloplanktis TAC125	GCA_000026085	21	NCBI	SW	seawater, Adelia Land, https://img.jgi.doe.gov/cgi-bin/mer/main.cgi?section=TaxonDetail&page=taxonDetail&taxon_oid=637000217
vorax	Proteobacteria	Oligoflexia	Bdellovibrionales	Pseudobacteriovoracaceae	Pseudobacteriovorax	antillogorgiicola	RKEM611	DSMZ	103413	D20-160067-4500T	vorax			67	D20-160067-4500T	Y	Vorax	GCF_004346105.1_ASM434610v1_genomic.fna.gz															
abie	Proteobacteria	Gammaproteobacteria	Pseudomonadales	Pseudomonadaceae	Pseudomonas	abietaniphila	BKME-9	DSMZ	17554	D20-160060-4500T	abie	abie	Pseudomonas abietaniphila LMG 20220	60	D20-160060-4500T	Y	Abie	2667527211.fna	1	3	7000186762	E		DSMZ	17554		abie	Pseudomonas abietaniphila LMG 20220	2667527211	31	JGI	SW	Lagoon British Columbia, Canada isolation date: 1994
dsm25163					Pseudomonas	pelagia	DSM 25163	DSMZ	25163	D20-160075-4500T				75	D20-160075-4500T		25163	GCF_000410875.1_KCCM90073_genomic.fna.gz															
rsphaer	Proteobacteria	Alphaproteobacteria	Rhodobacterales	Rhodobacteraceae	Rhodobacter	sphaeroides	ATH 2.4.1	ATCC	BAA-808	D20-160040-4500T	Rsphaer	Rsphaer		40	D20-160040-4500T	Y	RSpher	GCF_000012905.2_ASM1290v2_genomic.fna.gz	2	7	7000186759	H	Rhodopseudomonas sphaeroides	ATCC	BAA-808		Rsphaer						
eryth	Actinobacteria	Actinobacteria	Actinomycetales	Nocardiaceae	Rhodococcus	erythropolis	eryth	NITE	100887	D20-160064-4500T	eryth	eryth	Rhodococcus erythropolis PR4 PR4 (= NBRC 100887)	64	D20-160064-4500T	Y	eryth	GCA_000010105.fna	1	3	7000186762	G	Corynebacterium hydrocarboclastum	NITE	100887		eryth	Rhodococcus erythropolis PR4 PR4 (= NBRC 100887)	GCA_000010105	20	NCBI	SW	seawater, http://bacmap.wishartlab.com/organisms/272
dsm45222					Rhodococcus	qingshengii	DSM 45222	DSMZ	45222	D20-160077-4500T				77	D20-160077-4500T		45222	GCF_002893965.1_ASM289396v1_genomic.fna.gz															
roseo	Proteobacteria	Alphaproteobacteria	Rhodobacterales	Rhodobacteraceae	Roseovarius	mucosus	SMR3	luca		D20-160041-4500T	roseo	Roseo	Roseovarius mucosus strain SMR3	41	D20-160041-4500T	Y	Roseo		1	4	7000186757	E		Hans-Peter Grossart			roseo	Roseovarius mucosus strain SMR3	Roseovarius_mucosus_SMR3	9	OTHERS	SW	baltic sea, Smarinoi associated
dss-3	Proteobacteria	Alphaproteobacteria	Rhodobacterales	Rhodobacteraceae	Ruegeria	pomeroyi	DSS-3	MA Moran lab		D20-160042-4500T	DSS-3	dss3	Ruegeria pomeroyi DSS-3	42	D20-160042-4500T	Y	DSS-3	GCA_000011965.fna	1	2	7000186748	E	Silicibacter pomeroyi	Mary Ann Moran		DSM 15171 from DSMZ	DSS-3	Ruegeria pomeroyi DSS-3	GCA_000011965	9	NCBI	SW	estuary seawater Georgia, https://www.ncbi.nlm.nih.gov/pmc/articles/PMC4334477/#B9
dsm44819					Salinispora	arenicola	DSM 44819	DSMZ	44819	D20-160081-4500T				81	D20-160081-4500T		SAR44819	GCF_006716065.1_ASM671606v1_genomic.fna.gz															
dsm15273					Serinicoccus	marinus	DSM 15273	DSMZ	15273	D20-160072-4500T				72	D20-160072-4500T		Sma15273	GCF_008386315.1_ASM838631v1_genomic.fna.gz															
serr	Proteobacteria	Gammaproteobacteria	Enterobacteriales	Yersiniaceae	Serratia	sp.	SC 11,482	ATCC	39006	D20-160062-4500T	serr	serr	Serratia sp. ATCC 39006	62	D20-160062-4500T	Same as serr?	Ser	2526164535.fna	1	3	7000186762	B		ATCC	39006		serr	Serratia sp. ATCC 39006	2526164535	13	JGI	EX	salt marsh, https://img.jgi.doe.gov/cgi-bin/mer/main.cgi?section=TaxonDetail&page=taxonDetail&taxon_oid=2526164535
shew					Shewanella	baltica	Shew			D20-160055-4500T				55	D20-160055-4500T	Same as shewden?	Shew																
woodyi	Proteobacteria	Gammaproteobacteria	Alteromonadales	Shewanellaceae	Shewanella	woodyi	MS32	ATCC	51908	D20-160043-4500T	woodyi	woodyi	Shewanella woodyi ATCC 51908	43	D20-160043-4500T	Y	Woodyi	GCA_000019525.fna	2	7	7000186759	F		ATCC	51908		woodyi	Shewanella woodyi ATCC 51908	GCA_000019525	37	NCBI	SW	Detritus in seawater, Alboran Sea, https://www.lgcstandards-atcc.org/products/all/51908.aspx?geo_country=de
simid	Proteobacteria	Gammaproteobacteria	Cellvibrionaceae	Cellvibrionaceae	Simiduia	agarivorans	SA1	DSMZ	21679	D20-160069-4500T	simid		Simiduia agarivorans SA1	69	D20-160069-4500T	Y	Simid	GCF_000305785.2_ASM30578v2_genomic.fna.gz										Simiduia agarivorans SA1	2519103097	42	JGI	SW	Shallow coastal water
meli	Proteobacteria	Alphaproteobacteria	Rhizobiales	Rhizobiaceae	Ensifer	meliloti	AK83	DSMZ	23913	D20-160082-4500T	meli		Sinorhizobium meliloti DSM 23913	82	D20-160082-4500T		23913											Sinorhizobium meliloti DSM 23913	2597490345	14	JGI	PA	Aral sea region
sflavi	Proteobacteria	Alphaproteobacteria	Sphingomonadales	Sphingomonadaceae	Sphingorhabdus	flavimaris	SMR4y	luca		D20-160044-4500T	Sflavi	sflavi	Sphingorhabdus flavimaris strain SMR4y	44	D20-160044-4500T		SMR4y	Sphingorhabdus_flavimaris_SMR4y.fna	1	1	7000186747	A		Hans-Peter Grossart			Sflavi	Sphingorhabdus flavimaris strain SMR4y	Sphingorhabdus_flavimaris_SMR4y	28	OTHERS	SW	baltic sea, Smarinoi associated
nitzsch	Proteobacteria	Alphaproteobacteria	Rhodobacterales	Rhodobacteraceae	Sulfitobacter	pseudonitzschiae	SMR1	luca		D20-160045-4500T	nitzsch	nitzsch	Sulfitobacter pseudonitzschiae strain SMR1	45	D20-160045-4500T		SMR1		2	7	7000186759	B		Hans-Peter Grossart		most likely this strain:  doi: 10.7150/jgen.30559. eCollection 2019.	nitzsch	Sulfitobacter pseudonitzschiae strain SMR1	Sulfitobacter_pseudonitzschiae_SMR1	40	OTHERS	SW	baltic sea, Smarinoi associated
nitzsch/luca1					Sulfitobacter	pseudonitzschiae	Luca1			D20-160070-4500T				70	D20-160070-4500T	Same as nitzsch?	Nitsch	GCF_002222635.1_ASM222263v1_genomic.fna.gz															
azure	Proteobacteria	Gammaproteobacteria	Vibrionales	Vibrionaceae	Vibrio	azureus	LC2-005	DSMZ	23306	D20-160059-4500T	azure	azure	Vibrio azureus NBRC 104587	59	D20-160059-4500T	Y	Azure	2600255073.fna	1	4	7000186757	H		DSMZ	23306		azure	Vibrio azureus NBRC 104587	2600255073	25	JGI	SW	marine, https://academic.oup.com/femsle/article/329/1/61/627402
vnat	Proteobacteria	Gammaproteobacteria	Vibrionales	Vibrionaceae	Vibrio	natriegens	111	ATCC	14048	D20-160046-4500T	vnat	vnat		46	D20-160046-4500T	Y	Vnat	GCF_001456255.1_ASM145625v1_genomic.fna.gz	1	1	7000186747	C	Beneckea natriegens	ATCC	14048		vnat						
sflavi_smr1												sflavi_SMR1							2	6	7000186764	F				most likely the same as ""Sflavi"" based on 16S sequencing (2023-12-13, KH)	sflavi_SMR1						
